When-Taking-Survey,First-Time,Research,Status,Involvement,Practical-Knowledge,Organize-Data,Use-OpenRefine,Import-Python,Import-R,Visualizations-in-Python,Visualizations-in-R,Construct-SQL,Use-Command-Line,Skill-Level-Prior,Skill-Level-Following,Data-Organization,Using-Scripting-Language,Using-R-or-Python,Value-of-SQL-or-Python,Application,Worth-My-Time,Material,Recommend,Instructors-Clear-Answers,Instructors-Considerate,Instructors-Effective,Instructors-Enthusiastic,Workshop-in-US
2,1, ,2 ,2,1,4,3,2,4,2,4,4,5,1,4,1,5,5,3,3,1,1,1,5,5,5,5,2
2,1,Geology,2 ,3,2,5,4,6,5,6,4,,5,3,3,5,4,4,3,5,5,3,5,4,5,4,5,2
2,1,Geology,1 ,1,1,5,5,6,5,6,5,6,6,3,2,5,5,5,5,4,4,5,5,,,,,
2,, ,  ,,,,,,,,,,,,,,,,,,,,,,,,,
2,, ,  ,,,,,,,,,,,,,,,,,,,,,,,,,
2,1,physics,2 ,2,1,4,5,6,6,6,4,5,3,3,2,4,4,4,4,3,4,4,4,5,5,5,5,2
2,, ,  ,,,,,,,,,,,,,,,,,,,,,,,,,
2,1,ecology,2 ,3,2,5,4,6,5,6,5,6,4,3,3,5,4,4,4,4,5,4,4,5,5,5,5,2
2,2,evolution and ecology,2 ,1,2,3,6,5,3,5,3,6,4,3,2,5,5,5,2,4,4,5,4,4,5,4,4,2
1,, ,  ,,,,,,,,,,,,,,,,,,,,,,,,,
1,1, ,3 ,1,2,3,3,3,3,3,3,3,3,2,2,4,4,4,4,3,4,4,4,4,5,4,4,2
2,1,education,6 ,3,2,2,5,5,6,5,6,5,6,4,2,5,,5,4,3,5,5,5,5,5,5,5,2
2,1,"microbiology, ecology, bioinformatics",2 ,2,1,5,5,5,6,5,6,5,6,1,2,5,5,5,5,3,5,5,5,5,5,4,5,2
2,1,Biochemistry,2 ,2,1,5,5,5,6,5,6,5,5,2,3,5,5,4,3,4,5,5,5,4,5,5,5,2
2,1,plant genetics,2 ,2,1,4,5,5,6,5,6,4,4,2,3,4,4,4,4,4,5,5,5,5,5,5,5,2
2,1,Sports Science,2 ,2,2,2,4,4,6,4,6,4,4,4,1,5,5,5,5,4,3,2,3,2,2,2,3,2
2,1,transport,3 ,3,1,6,5,5,6,5,6,5,6,3,4,5,5,5,5,5,5,5,5,5,5,5,5,2
2,1,Psychology,3 ,2,2,4,4,5,6,2,6,5,5,3,2,5,4,3,2,4,5,5,4,4,5,5,5,2
1,1,plant molecular biology,2 ,2,2,4,4,4,6,4,6,4,6,2,3,5,5,5,5,4,4,4,4,5,5,5,5,2
2,, ,  ,,,,,,,,,,,,,,,,,,,,,,,,,
2,1,"Economics, real estate specificaly", municipal government,2,2,6,6,6,2,6,2,6,2,4,1,5,5,5,5,3,4,4,4,5,5,4,5,2
2,1,Astronomy,2 ,3,1,3,3,3,5,4,5,2,5,4,3,5,4,5,3,4,5,5,5,3,4,4,5,2
2,1,ecology,2 ,3,2,3,2,3,4,4,4,2,3,4,3,4,4,4,4,4,4,4,4,5,5,5,5,2
2,1,Biology,2 ,2,2,6,6,4,1,4,1,6,6,4,2,4,5,5,3,,2,2,3,2,4,1,2,2
2,2,Molecular Evolution,2 ,2,1,4,6,5,5,5,5,6,5,3,2,5,5,5,5,5,5,4,5,5,5,4,5,2
2,1,Biology,2 ,1,2,6,6,4,6,4,6,6,3,4,2,4,4,4,4,3,4,4,4,4,5,4,3,2
2,1,ecology,2 ,2,1,5,2,4,4,4,4,4,2,2,2,4,4,4,4,2,4,4,4,3,5,4,4,2
2,1,MRI physics,6 ,3,1,6,6,1,1,1,1,6,1,4,4,1,1,1,1,1,1,1,1,5,5,5,5,2
2,1,Biology,2 ,2,2,4,2,4,4,4,4,2,4,3,1,4,4,4,4,3,3,4,4,3,3,3,4,2
2,1,ecology,2 ,2,2,,,,,,,,,,,,,,,,,,,,,,,
1,1,statistics,6 ,3,2,3,4,1,3,1,5,3,3,4,2,3,3,3,3,5,4,4,4,5,5,3,3,1
2,1,Biomedical informatics,2 ,2,2,3,3,3,3,3,5,4,3,4,2,5,5,5,4,4,4,4,4,5,5,5,5,1
2,1, ,6 ,3,1,5,5,3,5,3,5,5,5,4,4,5,5,5,2,5,5,5,5,5,5,5,5,1
2,1,aquatic science,2 ,3,1,4,5,2,2,1,5,5,5,2,2,5,5,5,4,5,5,4,4,5,5,5,5,1
2,1,Wildlife ecology,2 ,2,2,4,4,1,3,1,5,5,5,3,3,4,4,5,5,4,3,5,5,1,5,5,5,1
2,, ,  ,,,,,,,,,,,,,,,,,,,,,,,,,
2,1,ecology,2 ,3,1,5,4,6,5,6,5,5,6,2,4,5,5,5,5,5,5,5,5,5,5,5,5,1
1,1,Biochemistry,3 ,1,1,3,5,6,5,6,5,3,3,5,2,5,5,5,5,5,5,5,5,4,5,5,5,1
1,1,ecology,2 ,3,1,4,5,6,5,6,5,5,6,2,3,5,5,5,5,4,5,5,5,5,5,5,5,1
2,1,Wildlife Ecology and Conservation, Wildlife Ecology and Conservation,1,1,5,5,6,5,6,5,5,5,2,4,5,5,5,4,4,5,5,5,5,5,5,5,1
2,1,Molecular oncology,3 ,2,2,4,4,3,4,3,4,3,3,1,2,4,3,3,3,3,4,4,4,4,5,5,5,2
1,1,biochemistry; bioinformatics (moderate experience),6 ,1,1,6,6,3,4,4,4,6,4,4,2,4,5,5,4,4,4,4,4,3,3,4,5,1
1,1, ,2 ,2,1,5,4,5,5,5,5,6,5,3,2,4,4,4,4,4,5,4,4,5,5,5,5,1
1,2,Cancer Research,3 ,3,1,4,4,5,5,4,4,1,5,3,2,4,5,5,4,2,5,5,5,5,5,5,5,1
1,1,Ecology & evolutionary Biology,2 ,1,2,3,3,3,3,3,3,3,3,3,2,5,5,5,5,3,3,2,3,5,5,5,5,1
2,1,Assessment,6 ,2,2,5,3,6,3,6,3,3,6,2,2,5,4,3,4,4,5,5,5,5,5,4,5,1
2,1,Molecular oncology,3 ,2,2,4,5,6,4,6,4,,,3,2,5,4,4,3,3,4,4,4,,,,,2
2,1,Molecular and cancer biology,3 ,2,1,5,5,3,5,3,5,3,5,3,3,4,4,4,4,4,4,5,4,5,5,5,5,2
2,1,Cell biology,3 ,3,2,5,5,6,4,6,4,6,4,3,2,5,5,4,4,2,5,5,5,5,5,5,5,2
2,1,molecular biology,3 ,2,2,5,5,2,5,2,5,2,3,1,2,4,4,4,4,4,2,4,4,4,4,4,4,2
2,1,molecular biology,3 ,2,1,5,5,6,4,6,4,6,4,2,3,5,4,4,4,3,4,4,4,5,5,5,5,2
2,1,Ethology,2 ,3,2,3,5,1,3,1,4,5,5,3,2,5,4,5,2,4,3,2,3,4,5,5,5,2
1,1, ,1 ,,,,,,,,,,,,,,,,,,,,,,,,,1
2,1,Ethology, PhD student,2,2,3,2,6,3,6,4,2,3,3,1,4,5,5,4,2,4,2,3,5,5,5,5,2
2,1,Chemical Ecology,2 ,2,2,4,3,6,2,6,2,5,4,3,2,4,4,4,2,4,4,3,4,4,4,4,4,2
2,1,Biochemistry,6 ,3,2,4,4,3,4,3,4,3,4,2,2,5,4,4,4,4,,4,4,5,5,5,5,2
2,1,behavioural ecology,2 ,3,1,5,4,6,5,6,5,4,6,1,3,5,4,4,2,4,4,4,4,5,5,5,5,2
2,1,Chemical Ecology,2 ,2,2,3,4,6,4,6,4,3,4,3,3,5,4,4,4,4,4,4,4,4,5,5,5,2
2,1,ecology,2 ,3,2,3,5,6,3,6,3,5,6,4,3,5,5,5,5,5,5,4,5,5,5,5,5,2
2,1, ,2 ,1,2,,,,,,,,,,,,,,,,,,,,,,,
2,1,Biology,3 ,2,2,4,4,2,4,2,4,3,4,2,2,4,4,4,4,3,2,4,4,4,4,4,4,2
2,1,Cancer Research,6 ,2,1,3,5,6,4,6,4,6,4,3,2,5,4,3,3,4,5,5,5,5,5,5,5,2
1,1,cancer,3 ,2,2,4,4,4,4,4,4,4,4,2,2,5,5,5,4,3,4,4,4,4,4,4,4,2
2,1,cellular biology,3 ,2,2,5,4,3,5,3,5,3,4,2,3,5,4,4,4,4,5,4,4,5,5,4,4,2
2,1,molecular biology,2 ,2,2,4,4,1,4,1,4,3,4,3,3,5,3,3,4,2,4,4,4,4,4,2,3,2
2,1,Microbiology,2 ,2,1,,,,,,,,,,,,,,,,,,,,,,,
2,1,molecular biology,3 ,2,2,4,4,2,4,2,4,4,4,3,2,5,3,3,4,2,4,4,4,4,3,2,3,2
1,, ,  ,,,,,,,,,,,,,,,,,,,,,,,,,
2,,Biochemistry,2 ,3,1,4,6,6,5,6,5,6,5,3,4,5,5,5,4,5,5,3,5,5,4,3,3,2
2,2,Microbiology,3 ,2,2,4,6,6,5,6,5,6,5,3,3,5,5,5,4,3,4,4,4,4,5,5,5,2
1,1,Microbiology,6 ,1,2,3,3,1,4,1,5,1,3,3,2,5,5,4,5,3,1,1,1,5,5,5,5,2
2,1,Microbiology,2 ,3,1,3,6,6,5,6,5,6,5,3,4,5,5,5,5,5,5,5,5,5,5,5,5,2
1,, ,  ,,,,,,,,,,,,,,,,,,,,,,,,,
1,1,Biotechnology, Visiting Scholar,1,1,4,4,4,4,3,4,3,4,2,2,5,5,5,1,4,5,5,5,5,5,5,5,1
1,1,Immunology,2 ,1,2,4,4,6,6,6,6,6,5,1,2,4,4,4,4,3,4,4,4,3,3,3,3,1
1,2,developmental genetics,3 ,2,1,3,6,6,6,6,6,6,5,2,3,4,1,1,1,4,5,5,5,4,5,5,5,1
1,1, ,3 ,1,1,4,1,1,1,1,1,1,6,3,3,4,5,4,4,3,5,5,5,5,5,5,5,1
1,1, ,  ,,,,,,,,,,,,,,,,,,,,,,,,,
1,1,Immunology,6 ,3,1,4,3,3,3,2,2,2,5,1,3,5,4,5,3,3,5,5,5,5,5,5,5,1
1,2,Mol bio and Hematology,6 ,3,1,3,4,6,6,6,6,6,5,3,2,4,4,4,3,4,4,4,4,5,5,4,5,1
1,1,system genetics,2 ,2,2,4,6,6,6,6,6,6,4,1,2,5,3,3,3,3,5,4,5,5,5,5,5,1
2,1,Applied Statistics,2 ,3,2,5,6,6,6,6,6,6,4,4,2,5,5,5,5,5,5,5,5,5,5,5,5,1
1,1,genomics,6 ,2,2,3,3,4,3,3,3,3,4,3,2,4,4,4,4,3,4,5,4,5,5,5,5,1
1,1,hematology,4 ,3,1,6,6,6,6,6,6,6,5,2,3,5,5,5,5,3,5,5,5,5,5,5,5,1
1,1,genetic eye disorders,6 ,2,2,4,4,4,4,4,4,4,4,2,2,4,4,4,4,4,4,4,4,4,4,4,5,1
1,2, ,  ,,,,,,,,,,,,,,,,,,,,,,,,,
1,1,hematology,  ,2,2,2,6,6,6,6,6,6,6,1,2,5,3,,3,3,4,4,4,4,5,4,5,1
2,, ,  ,,,,,,,,,,,,,,,,,,,,,,,,,
2,, ,  ,,,,,,,,,,,,,,,,,,,,,,,,,
2,1,Microbiology,2 ,2,1,5,3,1,5,1,5,3,5,3,3,5,5,5,4,4,5,4,5,4,5,4,5,2
2,1,plant genetics,4 ,2,1,5,6,6,4,2,3,6,5,2,3,5,5,5,3,4,5,3,5,5,5,4,5,1
1,, ,  ,,,,,,,,,,,,,,,,,,,,,,,,,
2,1,Biochemistry,2 ,3,1,,,,,,,,,,,,,,,,,,,,,,,
1,1,Computational Toxicology,4 ,2,1,,,,,,,,,,,,,,,,,,,,,,,
1,, ,  ,,,,,,,,,,,,,,,,,,,,,,,,,
1,, ,  ,,,,,,,,,,,,,,,,,,,,,,,,,
1,1,Microbiology,1 ,1,1,6,6,6,5,6,5,6,5,2,2,4,5,5,4,4,5,5,5,5,5,5,5,1
1,1,Biochemistry,2 ,3,1,5,6,6,5,6,5,6,5,1,3,4,4,4,4,4,5,5,5,4,4,4,4,2
1,1, ,3 ,3,1,4,4,3,4,3,4,3,4,2,2,4,4,4,4,4,4,4,4,5,5,5,5,2
1,1,Microbiology,2 ,3,2,3,2,2,2,2,2,2,3,2,3,5,5,5,3,4,4,5,5,5,5,5,5,2
1,1,Microbiology,2 ,3,1,4,6,6,4,6,4,,4,4,2,5,5,5,4,,4,4,4,5,4,4,5,2
2,1,Microbiology,2 ,3,1,2,4,3,5,3,5,3,4,3,2,4,4,4,5,4,5,4,4,5,5,5,5,2
1,2,Microbiology,4 ,2,1,4,4,6,5,6,5,6,5,2,3,5,5,5,3,4,4,4,4,5,5,5,5,2
1,1,Biochemistry,2 ,3,1,4,6,6,4,6,4,6,4,2,2,5,5,5,5,4,5,4,4,5,5,5,5,2
1,1,Biochemistry,4 ,3,1,5,4,6,4,6,4,6,4,2,3,5,5,5,4,4,5,5,5,5,5,5,5,2
1,1,Biochemistry,2 ,2,1,1,1,6,1,6,1,6,1,1,4,1,1,1,1,4,5,5,5,5,5,5,5,2
2,1,Fisheries ecology,4 ,3,2,2,5,1,2,1,3,4,2,5,2,5,5,5,4,4,4,4,4,5,5,4,5,1
1,1,Fisheries science,6 ,1,2,4,4,6,4,6,4,4,4,2,1,4,5,5,4,4,4,4,3,3,5,4,4,1
1,1,Biology,6 ,2,2,3,5,6,4,6,4,4,4,3,2,5,5,5,5,4,4,4,4,5,5,4,5,1
2,1,ecology,2 ,3,1,4,5,6,5,6,5,5,3,3,2,5,5,5,5,5,5,5,5,5,5,5,5,1
1,1,Fisheries science, State Fish and Wildlife employee,2,2,3,5,6,5,6,4,5,5,4,2,5,3,4,5,4,4,4,4,5,5,4,5,1
1,1,fisheries biology,  ,2,2,4,4,2,4,2,4,4,4,1,2,5,4,4,5,3,5,4,4,4,5,5,5,1
1,1,coastal processes, PostBac,2,1,4,5,6,5,6,5,5,6,3,2,4,4,4,4,4,4,4,4,5,5,5,5,1
1,1,ecology,4 ,2,1,4,4,2,3,2,4,4,4,3,3,5,5,5,4,5,4,4,4,5,5,5,5,1
1,, ,  ,,,,,,,,,,,,,,,,,,,,,,,,,
1,1,Ecology and Genetics,6 ,2,1,4,4,6,5,6,5,4,4,3,2,5,5,5,5,4,4,4,4,5,5,5,5,1
1,1,ecology,4 ,2,2,4,4,6,5,6,5,5,6,4,3,5,5,5,5,4,4,4,4,3,5,3,4,1
1,1,Water Resources Engineering,2 ,3,1,4,5,6,5,6,4,4,6,3,3,5,5,5,4,4,5,5,5,5,5,5,4,1
2,1,Biology,4 ,2,2,3,4,6,4,6,4,4,6,4,1,5,5,5,4,4,4,3,4,5,5,4,,1
1,1,Oceanography,2 ,3,1,3,4,6,5,6,4,5,3,3,3,5,4,5,4,5,5,4,5,5,5,5,5,1
1,1,Fisheries ecology,4 ,2,1,5,5,6,5,6,5,5,5,3,3,5,5,5,5,5,5,5,5,4,5,5,5,1
2,1,Astrophysics,3 ,2,1,3,5,6,5,6,5,5,6,4,2,5,5,5,5,3,5,5,5,4,5,4,4,2
2,1,ecology & social science, Research Associate,2,2,4,4,4,4,6,4,4,4,3,3,5,5,5,5,4,5,5,5,5,5,5,5,1
1,, ,  ,,,,,,,,,,,,,,,,,,,,,,,,,
2,1,library and information studies,4 ,1,2,3,4,6,1,6,1,4,6,3,1,4,2,2,4,2,2,4,,3,3,3,5,1
2,1,Biology education,2 ,2,1,4,4,6,4,6,4,4,6,1,2,5,5,5,3,3,5,5,,5,5,5,5,1
2,1,Social science,4 ,2,2,5,4,6,4,6,3,4,6,2,2,5,4,4,4,3,4,2,,3,5,2,5,1
2,1, ,2 ,2,2,3,5,3,3,5,5,3,3,4,1,5,3,4,1,,4,2,,5,4,5,5,1
2,1,Marine Biology,1 ,3,1,5,3,3,5,3,5,3,3,4,4,4,4,4,2,5,5,5,,5,5,5,5,1
1,1,Biomedical Engineering,2 ,2,1,,,,,,,,,,,,,,,,,,,,,,,
2,1,statistics,2 ,2,2,5,5,6,4,6,5,5,5,4,3,5,5,5,5,4,5,4,,5,5,5,5,1
2,1,Wildlife Biology,6 ,2,2,4,5,6,4,6,4,4,6,2,3,4,3,4,4,4,4,4,,4,5,4,5,1
2,1,ecology and conservation biology,2 ,2,1,3,5,6,5,6,5,5,4,3,3,5,5,5,5,5,5,5,,4,5,4,5,1
2,1,geoscience,2 ,3,2,4,4,2,4,2,4,2,3,3,2,5,5,5,3,2,4,4,,5,3,4,5,1
2,1,Public Policy ,6 ,3,1,5,5,6,5,6,5,5,5,4,3,5,5,5,5,5,5,5,,5,5,5,5,1
2,1,"natural resource monitoring, management",6 ,2,1,3,5,6,5,6,5,5,4,4,2,5,4,5,5,4,5,5,,4,5,4,5,1
2,1,spatial temporal statistics,2 ,2,1,5,5,6,5,6,5,5,5,2,2,5,4,4,4,4,5,5,,5,4,5,5,1
2,1,Immunology,3 ,2,1,4,4,1,4,1,5,4,2,3,2,4,4,5,5,4,4,5,,5,5,5,5,1
2,1,Marine Affairs,2 ,3,2,3,5,6,3,6,4,5,6,4,2,4,4,5,3,4,4,4,,5,5,5,5,1
2,1,Immuno-informatics, Staff and Grad student,3,1,4,5,6,4,6,6,5,5,3,2,4,4,4,5,4,5,4,,4,5,5,5,1
2,1,Socioecoloigcal systems,2 ,3,1,5,6,6,6,5,5,6,6,3,3,5,5,5,5,5,5,5,,5,5,4,4,2
2,1,genetics,2 ,3,1,5,5,5,5,5,5,5,5,2,2,5,5,5,5,5,5,5,,5,5,4,5,2
2,1, ,6 ,3,1,4,5,6,5,6,5,5,5,4,3,5,5,5,2,5,5,5,,5,5,5,5,1
2,, ,  ,,,,,,,,,,,,,,,,,,,,,,,,,
2,1,Social science,6 ,2,2,4,4,6,4,6,4,4,4,2,2,4,4,3,5,4,4,4,,4,5,4,5,1
1,1,Biochemistry,2 ,2,1,4,5,6,5,6,4,5,3,3,3,5,5,5,5,4,4,4,,4,5,4,5,1
1,1,psychiatry,6 ,2,2,4,4,6,5,6,5,5,6,4,2,5,5,5,5,4,4,5,,5,5,5,5,1
1,1,ecology,2 ,2,1,4,4,6,4,6,4,4,4,3,3,5,5,5,2,4,5,5,,4,5,5,5,1
1,1,Microbiology/biophysics,2 ,2,1,5,5,6,5,6,5,5,6,2,3,5,4,5,5,4,5,5,,5,5,5,5,1
1,1,Social science,6 ,1,2,4,5,1,5,1,4,4,1,3,2,4,4,3,4,3,4,5,,4,5,4,5,1
1,1,Neuroscience,2 ,3,2,4,4,1,4,1,4,4,4,3,3,4,4,4,4,5,5,5,,5,5,5,5,1
1,1,Biophysics,2 ,2,1,4,4,6,5,6,5,4,4,2,3,5,5,5,5,5,5,5,,5,5,5,5,1
1,1,ecology,2 ,3,2,3,4,6,3,6,5,5,6,3,2,5,5,5,5,5,5,5,,4,5,5,5,1
2,1,Math,4 ,2,2,4,6,6,4,6,4,4,6,2,2,4,4,4,4,3,4,4,,4,5,3,3,1
2,1,healthcare,2 ,1,3,3,4,1,5,1,4,4,1,3,1,4,4,4,4,4,2,4,,5,5,2,3,1
1,2, ,2 ,1,2,,,,,,,,,,,,,,,,,,,,,,,
1,1,Advancement,6 ,1,2,4,5,6,3,6,4,4,4,4,2,5,4,4,4,4,4,4,,3,3,3,3,1
1,1, ,6 ,2,2,5,4,6,5,6,5,5,5,4,2,5,5,5,5,4,,5,,5,5,5,5,1
1,2,Marine Science,2 ,3,1,4,4,6,5,6,5,5,5,2,3,5,5,5,5,5,4,4,,5,5,5,5,1
1,1,evolutionary biology,2 ,2,2,3,4,6,2,6,4,5,2,3,2,5,5,5,5,3,3,3,,3,5,3,3,1
1,1,Molecular bioscience,3 ,3,1,3,6,4,6,4,6,6,3,4,3,5,4,4,5,4,4,4,,5,5,5,5,2
2,1,energies,2 ,1,2,4,6,5,6,5,6,4,4,3,3,5,5,5,4,4,4,5,,5,5,5,5,2
1,1,Health sciences,2 ,2,2,6,6,6,6,4,6,6,4,2,2,4,4,4,4,4,5,5,,5,5,4,4,2
1,1, ,6 ,1,1,4,,5,6,5,6,5,,3,2,5,5,5,5,4,1,5,,4,4,4,5,2
1,1,Business,2 ,2,2,5,5,5,4,5,3,5,4,3,3,4,5,4,4,4,4,4,,4,4,4,4,2
1,, ,  ,,,,,,,,,,,,,,,,,,,,,,,,,
1,1,Social science,1 ,2,2,4,3,4,6,5,6,4,5,2,2,4,4,4,4,4,4,5,,5,5,5,5,2
1,1,Epidemiology,2 ,2,2,3,6,4,6,4,6,5,6,4,3,5,5,5,4,4,4,4,,4,4,3,5,2
1,1,Water Resources Engineering, Hydrologist,3,1,4,4,5,6,6,6,5,5,3,2,4,5,5,5,4,5,5,,4,5,5,5,2
1,1,Engineering,2 ,3,1,4,3,4,,5,,5,5,2,2,5,5,5,5,4,5,5,,5,5,5,5,2
2,1, ,6 ,1,2,3,4,6,4,6,4,3,4,4,2,4,4,4,4,2,4,2,,3,4,3,4,1
2,1,Economics,6 ,2,2,4,5,6,4,6,4,5,4,3,2,5,5,5,5,3,4,4,,5,5,5,5,1
2,1,Finance and banking, Analyst,1,2,3,5,6,5,6,4,3,3,4,2,5,4,5,5,4,4,5,,5,5,4,5,1
2,1,Economics, Research Assistant,2,2,6,4,6,2,6,2,4,6,4,1,4,4,4,4,4,3,3,,5,5,2,4,1
2,1,Economics,6 ,2,1,3,4,6,4,6,4,4,3,3,2,5,5,5,5,5,4,4,,4,5,4,4,1
1,1, , Technology Analyst,2,2,6,5,6,5,6,5,5,5,4,2,5,5,5,1,4,5,5,,5,5,5,5,1
1,1,Economics,6 ,2,2,5,5,6,2,6,2,4,2,1,2,5,3,3,3,3,3,4,,4,5,5,,1
1,1,Economics,6 ,1,2,3,5,6,4,6,3,4,4,3,1,5,3,3,4,3,4,3,,4,5,4,4,1
1,1,Economics,6 ,2,2,,,,,,,,,,,,,,,,,,,,,,,
1,1,Economics, Research Assistant,1,2,4,5,6,5,6,5,5,6,4,2,5,5,5,5,4,4,5,,5,5,5,3,1
1,1,Social science,1 ,1,2,4,4,4,4,2,4,4,4,1,3,4,4,4,4,3,5,5,,4,5,5,5,1
1,1,Economics,6 ,1,2,4,5,6,4,6,4,5,4,4,2,5,4,4,4,2,4,4,,4,5,3,5,1
2,1,Biochemistry,1 ,2,2,4,2,6,4,6,4,4,6,2,2,4,4,4,4,3,4,4,,3,4,3,5,1
2,1,Biochemistry,3 ,2,1,4,4,6,5,6,5,5,4,4,3,5,5,5,4,4,5,5,,5,5,5,5,1
1,1,Microbiology & immunology,2 ,3,1,4,5,6,4,6,5,5,6,2,3,5,5,5,4,5,5,4,,4,5,4,5,1
1,1,neurobiology,3 ,2,1,4,4,6,5,6,5,5,6,4,2,4,5,5,4,5,5,4,,5,5,5,5,1
1,1,Cell and Molecular Biology,2 ,2,1,5,5,6,5,6,5,5,5,2,2,5,5,5,3,4,1,1,,5,5,5,5,1
2,1,genetics,2 ,3,1,4,5,5,5,5,5,5,5,3,1,5,5,5,5,4,5,5,,3,4,4,5,1
1,1,Microbiology and Immunology,2 ,2,2,4,5,6,5,6,5,5,6,3,3,5,4,5,4,3,4,4,,5,5,4,5,1
1,1,genomics,2 ,3,1,4,6,6,5,6,5,6,5,3,3,5,5,5,4,5,5,5,,4,5,5,5,2
1,1,genetics,2 ,2,1,4,6,6,5,6,5,6,5,3,2,5,5,5,3,4,5,5,,5,5,5,5,1
1,1,MOlecular Ecology and Evolution,2 ,2,1,5,5,5,5,5,5,5,5,3,2,4,5,5,5,5,5,5,,5,5,5,5,2
1,1,Resource enhancement,2 ,2,2,4,6,6,4,6,4,6,4,3,2,4,3,4,3,3,4,4,,4,5,4,5,2
2,1,Marine Biology,2 ,2,1,5,4,6,4,6,5,6,5,2,3,5,5,5,4,4,1,,,5,5,5,5,2
1,1,evolution,2 ,1,1,6,6,6,5,6,5,6,5,3,2,5,5,3,1,4,3,3,,4,5,4,5,2
1,1,Microbiology,4 ,3,2,3,3,3,4,2,2,2,4,3,1,5,4,3,3,3,4,3,,4,4,4,4,2
2,1,"Molecular ecology,",2 ,1,1,6,6,6,5,6,5,6,5,3,2,5,5,5,5,4,5,4,,5,5,5,5,2
1,1,"Ecology, Systematics, Reef Diversity and Distribution",4 ,2,1,5,3,3,5,3,5,3,5,4,3,5,5,5,5,5,5,5,,5,5,5,5,2
1,1,"fisheries biology, population genetics", Assistant Professor,3,2,4,6,6,4,6,4,6,4,2,3,5,5,5,5,4,5,5,,5,5,5,5,2
1,1,Fisheries Molecular Biology,2 ,3,1,5,6,6,5,6,5,6,5,2,3,5,5,5,5,5,1,5,,5,5,5,5,2
1,1,Aquaculture,6 ,3,1,5,5,6,5,6,5,5,5,2,3,5,5,5,5,5,5,5,,5,4,4,5,2
2,1,ecology,2 ,3,1,6,6,6,5,5,5,6,5,1,2,5,5,5,5,5,5,5,,4,4,4,4,2
1,2,Engineering,1 ,2,1,6,5,2,6,2,6,2,6,3,4,5,5,5,5,5,5,5,,5,5,5,5,2
1,1,Population genetics,2 ,3,1,6,6,6,5,6,5,6,5,2,2,5,5,5,5,5,5,5,,5,5,5,5,2
1,1,ecology,2 ,3,1,5,5,6,5,6,5,6,5,2,2,5,5,5,4,4,5,5,,5,5,5,5,2
1,1,"microbiology, genetics",4 ,1,1,4,3,1,3,1,4,1,4,2,2,5,4,4,4,3,4,4,,3,5,3,4,2
1,1,genetics,4 ,2,1,5,6,6,5,6,5,6,5,4,3,5,5,5,5,5,5,5,,5,5,5,5,2
1,1,"Marine Biology, Genetics",2 ,3,1,1,1,,1,,1,,1,3,4,1,1,1,1,1,1,1,,5,5,5,5,2
1,1,biodiversity,6 ,3,2,3,6,6,4,6,4,6,4,3,2,4,4,4,4,3,4,4,,5,5,5,5,2
1,1,Marine Biology,2 ,2,1,4,6,6,4,6,4,6,5,2,3,5,4,5,4,4,5,5,,5,5,5,5,2
1,1,Fisheries, Instructor,3,1,4,6,6,5,6,5,6,5,3,2,5,5,5,4,4,5,4,,4,5,5,5,2
1,1,Marine Biology,2 ,3,1,4,,,4,,4,,4,1,3,5,5,5,2,3,5,4,,5,5,4,5,2
1,1,"genetics, agriculture and aquaculture",4 ,3,1,5,5,6,5,6,5,6,5,3,4,5,5,5,4,5,5,5,,5,5,5,5,2
1,1,population genetics and molecular ecology,2 ,3,1,6,6,6,5,6,5,6,5,1,3,5,5,5,5,4,5,5,,5,5,5,5,2
1,1,Marine Biotechnology,2 ,1,2,4,6,6,5,6,4,6,4,3,2,5,5,5,5,4,5,5,,4,4,5,5,2
1,1,molecular biology,4 ,3,1,4,4,6,4,6,4,6,4,3,2,5,5,5,4,4,5,4,,3,4,4,5,2
1,1,Marine Science,2 ,2,1,6,6,6,5,5,5,6,5,3,3,5,5,5,5,5,5,5,,4,4,5,5,2
1,1,Molecular biology and ecology,6 ,2,1,,,,5,,,,,2,3,4,5,5,5,5,,4,,4,5,5,5,2
1,1,Marine Biology,2 ,3,1,4,6,6,5,6,4,6,5,3,3,5,5,5,5,4,5,5,,5,4,5,5,2
1,1,genomics,2 ,2,1,5,,,5,,5,,5,3,3,5,5,5,5,5,5,4,,5,5,4,5,2
1,1,genetics, Scientist and Associate Professor,3,1,5,6,6,5,6,5,6,5,3,3,5,5,5,5,5,5,5,,5,5,5,5,2
1,1, ,4 ,1,1,6,6,6,5,6,5,6,5,4,4,5,5,5,4,5,5,5,,5,5,5,5,2
2,1,biology - botany,4 ,3,1,5,6,6,5,6,5,6,5,1,2,5,5,5,5,4,5,4,,4,5,5,5,2
1,1,ecology, Assistant Professor,3,1,6,6,6,4,6,4,6,4,1,2,4,4,4,4,4,4,4,,5,5,5,5,2
1,1,Marine Science,2 ,3,1,6,6,6,5,6,5,6,5,3,3,5,5,5,4,5,5,5,,5,5,5,5,2
1,1,ecology,3 ,2,1,3,5,1,6,1,6,1,5,3,2,5,5,5,5,4,5,4,,4,5,4,5,2
1,1,Fisheries,6 ,2,1,4,6,6,5,6,5,6,5,3,3,5,5,5,5,5,5,5,,5,5,5,5,2
1,1,Marine Science, Research Associate,2,1,6,6,6,5,6,5,6,5,3,3,5,5,4,4,4,5,4,,4,5,5,4,2
1,1,genetics,2 ,2,1,6,5,6,5,6,5,6,4,3,2,4,4,4,5,4,5,5,,5,4,4,4,2
2,1,plant biotechnology,2 ,2,1,5,6,6,4,6,4,6,4,2,3,4,4,4,4,4,5,4,,4,5,5,5,2
1,2,ecology,4 ,3,1,3,3,3,5,3,5,3,5,3,1,5,4,4,3,4,5,5,,5,5,5,5,1
1,2,Science,6 ,2,2,6,6,6,4,6,4,6,4,4,2,4,4,4,4,4,4,4,,5,5,5,5,1
1,1, ,6 ,3,2,6,6,6,5,6,5,6,3,5,2,5,5,5,5,5,5,5,,5,5,5,5,1
1,2,environmental,6 ,3,1,6,6,6,5,6,5,6,5,4,3,5,5,5,5,4,5,5,,5,5,5,5,1
1,2,ecology,6 ,2,1,6,6,6,5,6,5,6,5,4,1,5,5,5,1,5,5,5,,5,5,5,5,1
1,2,ecology,6 ,2,2,3,3,3,5,3,5,3,5,3,2,4,4,4,4,3,4,5,,5,5,5,5,1
1,2,ecology, Govt Scientist,3,2,6,6,6,5,6,5,6,5,4,2,5,5,3,5,4,4,4,,5,5,5,5,1
1,2,ecology, Lead Agency Scientist,2,1,5,5,,5,,5,,5,4,4,5,5,5,5,4,5,5,,5,5,5,5,1
2,, ,  ,,,,,,,,,,,,,,,,,,,,,,,,,
2,1,hydrology & soil science,2 ,3,1,3,4,6,4,6,3,5,6,3,3,5,5,5,5,5,5,4,,5,5,5,5,1
2,1,social science- communication,6 ,2,1,3,5,6,4,6,5,4,6,3,3,5,5,5,5,4,5,5,,5,5,4,5,1
1,1,Social science,2 ,2,1,4,5,6,5,6,5,6,6,4,3,5,5,5,5,5,5,5,,5,5,4,5,1
1,1,Epidemiology,2 ,3,1,4,4,6,4,6,4,6,6,3,2,4,5,5,5,4,4,4,,5,5,5,5,1
1,1,Social science,1 ,2,1,5,5,1,4,1,4,1,3,2,3,5,5,5,4,4,4,4,,4,5,4,4,1
1,1,lingusitics,2 ,3,1,4,5,6,5,6,5,6,6,2,3,1,1,1,3,4,5,5,,5,5,5,5,1
1,1,Linguistics,2 ,2,1,5,4,6,4,6,4,6,6,3,2,5,5,5,5,5,5,5,,5,5,5,5,1
1,1,Psychology,3 ,3,1,5,4,1,5,1,5,1,5,3,3,5,5,5,5,4,5,5,,5,5,5,5,1
1,1,Neuroscience,3 ,2,1,4,5,6,4,6,4,6,6,3,3,5,5,5,4,4,4,5,,4,5,4,5,1
1,1,Social Psychology,2 ,2,1,4,5,6,5,6,5,6,5,4,3,5,4,4,5,5,5,5,,5,5,5,5,1
1,1,political science,4 ,2,1,4,3,2,5,2,5,2,2,2,2,4,4,4,4,4,,4,,4,5,4,5,1
1,1,Neuroscience,2 ,3,2,4,5,6,3,6,4,6,6,3,2,5,5,5,4,4,4,4,,5,5,4,5,1
1,1,Social science,2 ,2,1,3,4,6,4,6,4,6,6,4,2,5,4,3,3,4,5,4,,4,5,4,5,1
2,1,Psychology,2 ,2,1,3,5,6,4,6,5,6,6,4,2,5,5,5,5,4,5,5,,4,5,5,5,1
1,1,Social science,2 ,2,2,4,4,6,3,6,4,6,4,2,1,5,5,5,3,2,3,4,,4,5,3,4,1
1,1,sociology,2 ,3,1,4,4,1,4,1,4,1,1,4,3,5,4,4,5,5,5,5,,5,5,5,5,1
1,1,sociology,2 ,2,1,4,4,2,5,2,5,2,5,3,2,5,4,4,5,2,5,5,,5,5,4,5,1
1,, ,  ,,,,,,,,,,,,,,,,,,,,,,,,,
1,1,sociology,2 ,3,1,2,4,6,4,6,4,6,2,4,1,4,4,5,5,4,4,4,,4,5,5,5,1
1,1,Social science,2 ,2,1,5,5,6,5,6,5,6,6,3,3,5,4,4,5,5,4,5,,5,5,5,5,2
2,1,Plant Science,3 ,3,1,4,4,6,5,6,5,5,4,4,3,5,5,5,3,5,5,5,,5,5,5,5,1
2,1,genomics,6 ,2,1,4,5,1,5,1,5,5,1,4,3,5,5,5,4,5,5,5,,5,5,5,5,1
2,1,molecular biology,6 ,1,2,4,3,2,4,2,4,3,4,3,2,4,5,5,5,4,4,4,,3,3,2,2,1
2,1, ,6 ,2,2,5,5,6,5,6,5,5,5,1,2,5,5,5,5,4,5,4,,3,5,5,5,1
1,1,toxicology, Biological Science Technician,3,1,5,5,4,5,4,5,5,5,4,4,5,5,5,5,5,5,5,,5,5,5,5,1
2,1, ,  ,,,,,,,,,,,,,,,,,,,,,,,,,
1,1,Microbiology,6 ,2,1,5,5,3,5,3,5,5,5,4,4,4,4,4,4,5,5,5,,5,5,5,5,1
1,1,Life Sciences, USDA Staff,2,1,5,5,6,4,6,4,5,4,,4,4,4,4,4,5,5,5,,5,5,4,5,1
2,, ,  ,,,,,,,,,,,,,,,,,,,,,,,,,
2,1,nutritional sciences,3 ,3,1,2,5,6,5,6,4,5,4,3,3,5,4,5,4,5,5,5,,5,5,5,5,1
2,1,geographic information science,6 ,3,1,4,4,5,5,5,5,5,5,4,3,5,5,5,5,5,5,5,,5,5,5,5,1
2,1,Microbiology,2 ,2,1,4,4,6,5,6,5,5,5,3,2,5,5,5,5,5,5,5,,5,5,5,5,1
2,1,horticulture,2 ,2,1,3,4,2,4,2,4,4,3,2,2,4,5,5,4,4,4,4,,2,5,5,4,1
2,1,social science (urban planning),2 ,2,1,4,4,6,4,6,5,4,6,2,3,5,5,5,5,4,5,5,,5,5,4,5,1
2,1,landscape architecture,2 ,1,2,4,5,6,3,6,,4,6,3,2,4,4,4,4,4,4,4,,5,5,4,5,1
2,1,Social science,2 ,2,1,5,5,6,5,6,5,5,5,2,3,5,4,4,4,4,5,4,,4,4,4,5,1
2,1,Environmental Engineering/Soil Science,3 ,2,1,5,5,6,5,6,5,5,6,3,3,5,5,5,5,5,5,5,,5,5,5,5,1
2,1,chemistry,2 ,3,1,5,5,6,5,6,5,5,5,2,4,5,5,5,5,4,4,4,,4,5,4,5,1
2,1,environmental science,2 ,3,1,4,5,6,4,6,5,5,5,3,3,5,5,5,5,5,5,5,,5,5,5,5,1
2,1,ecology,6 ,3,1,3,5,6,5,6,5,5,6,4,4,5,5,5,5,5,5,5,,5,5,5,5,1
2,1,Nutrition/Public Health,2 ,1,2,3,4,4,4,4,4,5,5,3,2,5,4,4,4,3,4,4,,5,5,5,5,1
1,, ,  ,,,,,,,,,,,,,,,,,,,,,,,,,
2,1, ,  ,,,,,,,,,,,,,,,,,,,,,,,,,
2,1,Economics,1 ,2,1,5,5,6,4,6,4,5,5,1,3,5,5,5,5,4,5,5,,5,5,5,5,1
2,1,Economics,2 ,2,1,5,4,6,5,6,5,5,5,4,3,4,4,4,4,4,4,4,,5,5,5,5,1
1,1,banking,6 ,3,2,3,5,2,4,2,5,4,3,5,2,5,5,5,2,4,5,4,,4,4,4,4,1
2,1,Economic data analysis ,2 ,3,2,3,3,2,4,2,4,3,2,3,1,4,4,4,3,3,4,4,,3,3,3,3,1
2,1,Social science,6 ,2,2,3,5,2,3,2,3,4,3,4,2,5,5,5,4,4,4,4,,4,5,5,5,1
2,1,Engineering,2 ,2,2,4,3,4,3,4,3,4,3,3,2,5,4,4,4,4,4,4,,3,3,3,3,1
2,1,allied health sciences,4 ,1,2,5,5,3,6,3,6,5,5,3,2,5,4,4,4,4,4,4,,4,5,4,5,1
2,1,statistics,4 ,2,2,3,2,4,6,3,6,,,3,1,5,5,5,3,3,3,4,,3,4,2,4,1
2,1,Social science,4 ,2,1,3,4,4,6,3,6,4,6,3,2,5,3,4,4,3,3,3,,4,4,3,3,1
1,1,Medical/Health Sciences,4 ,3,1,5,5,5,6,5,6,5,6,2,4,5,5,5,5,5,5,5,,5,5,5,5,1
1,1,Library science,4 ,2,2,5,5,4,6,3,6,4,5,2,2,5,4,4,5,4,4,4,,5,5,4,5,1
1,1,library and info science,4 ,1,2,5,4,4,6,5,6,5,6,4,3,5,5,5,5,4,4,5,,4,5,4,5,1
1,1,Social science,4 ,2,1,1,5,5,6,5,6,5,3,4,3,5,4,4,4,3,5,5,,5,5,5,5,1
1,1,Microbiology,6 ,2,2,5,4,3,6,2,6,2,2,4,1,5,5,5,4,2,4,4,,4,5,4,5,1
1,1,Math Education,4 ,2,2,4,4,4,4,4,4,4,4,2,2,4,3,3,3,4,3,4,,3,3,3,3,1
1,1,"Graphic/Interaction Design, Data Viz",4 ,2,2,4,2,5,6,4,6,4,6,4,2,4,3,3,4,3,4,4,,3,5,4,4,1
1,1,statistics,4 ,2,1,4,4,5,6,5,6,5,6,4,4,4,4,4,4,4,4,5,,5,5,4,4,1
1,1,social science and humanities,4 ,2,2,4,4,4,6,3,6,5,4,1,2,4,4,4,3,3,4,4,,4,5,4,4,1
2,1,Infectious diseases,3 ,3,1,5,5,6,5,6,5,5,5,1,3,5,5,5,5,4,5,5,,5,5,5,5,1
1,1, ,  ,,,,,,,,,,,,,,,,,,,,,,,,,
2,1,ecology,2 ,1,1,4,5,6,6,6,6,5,6,3,3,5,5,5,5,4,4,4,,4,5,4,5,1
2,1,Research support (libraries),6 ,2,1,4,5,6,5,6,4,4,6,3,3,5,5,5,5,4,5,5,,4,5,5,5,1
2,1,Environmental Studies,2 ,2,1,4,5,6,4,6,4,4,6,3,2,5,5,5,5,4,4,5,,4,5,5,5,1
2,1,Health sciences,6 ,2,1,5,5,4,3,3,3,4,4,1,2,5,4,4,4,4,5,5,,4,5,3,4,1
2,1,Environmental Studies,2 ,2,1,4,5,6,5,6,5,5,5,4,3,5,5,5,5,4,5,5,,5,5,5,5,1
2,1,ecology,2 ,2,1,3,5,6,4,6,4,5,6,4,3,4,5,5,3,4,4,4,,4,5,5,5,1
2,1,Computer Engineering,2 ,1,2,4,5,6,5,6,5,5,3,2,2,4,5,5,5,4,4,5,,5,5,5,5,1
2,1,Microbiology,6 ,1,1,3,5,3,5,3,5,5,4,4,2,4,4,4,2,4,4,4,,4,5,4,5,1
2,1,virology,6 ,1,1,5,5,6,5,6,4,5,5,3,3,5,5,5,5,4,4,4,,4,5,4,5,1
2,1,molecular biology,2 ,2,2,5,6,6,4,6,4,6,4,3,2,5,3,3,4,3,3,4,,,5,2,2,2
2,1,CS,6 ,3,2,,,,,,,,,,,,,,,,,,,,,,,
2,1,Immunology,2 ,2,2,5,6,6,5,6,5,6,5,4,2,5,3,4,4,4,4,5,,4,5,4,5,2
2,1,biology - immunology,3 ,2,2,5,,,5,,6,,6,4,4,5,5,5,,5,4,4,,5,4,5,4,2
2,1,Neuroscience,2 ,2,1,4,4,2,4,2,4,3,3,3,2,5,5,5,5,2,4,2,,3,5,4,4,2
2,1,Quantitative single cell biology,6 ,3,2,4,6,6,4,6,4,6,5,3,2,4,5,5,4,4,4,4,,4,5,4,3,2
2,1,regulatory genomics,2 ,3,2,6,6,6,2,6,2,6,2,4,1,4,4,4,4,4,5,5,,5,5,5,5,2
2,1,"Plant biology, Plant genomics",2 ,3,1,5,4,3,5,3,5,3,5,4,4,5,5,5,3,1,5,4,,5,5,4,5,2
2,1,networks & evolution,2 ,2,2,5,3,3,3,3,3,3,3,4,4,5,5,5,5,5,5,5,,4,4,4,4,2
1,1,plant molecular biology &  development, Researcher,3,1,4,3,2,4,2,4,1,4,1,2,5,5,5,5,3,5,4,,5,5,5,5,2
1,1,conservation genomics,2 ,2,1,5,6,6,5,6,5,6,5,2,3,5,5,5,5,5,5,4,,4,5,4,5,2
2,1,molecular biology,2 ,2,2,4,4,3,5,3,5,4,4,1,2,4,4,4,4,3,3,4,,4,4,4,4,2
1,1,Plant Biology,1 ,3,1,5,6,6,5,6,5,6,5,3,4,1,1,1,1,5,5,4,,5,5,5,5,2
1,1,Bioinformatics,1 ,3,1,4,4,4,4,4,4,4,5,5,4,4,4,4,4,5,2,4,,2,3,4,5,2
2,1,molecular biology,1 ,3,2,5,5,5,4,5,5,3,3,4,3,3,3,3,2,4,4,5,,3,4,5,5,2
2,1,Immunology,2 ,2,2,2,2,6,6,6,4,,6,4,2,5,4,3,3,2,3,5,,4,4,3,4,2
2,1,Libraries, Librarian/Faculty,2,2,2,5,6,4,6,4,4,4,2,2,5,5,5,5,2,4,4,,2,5,3,5,1
2,1,Immunology,2 ,3,2,,,,,,,,,,,,,,,,,,,,,,,
2,1,Immunology,2 ,3,2,5,6,6,4,6,4,6,5,3,2,5,4,4,3,2,3,2,,5,5,5,4,2
2,1,medical sciences,3 ,3,1,3,3,1,5,1,5,2,4,3,2,4,4,3,3,4,5,5,,5,5,5,4,2
2,1,Immunology,2 ,2,2,5,6,6,5,6,5,6,5,1,3,5,4,4,3,3,4,4,,5,5,5,5,2
2,1, ,2 ,2,1,5,3,6,5,6,4,6,1,2,2,5,5,5,1,4,5,4,,,,,,
2,1, ,2 ,3,2,5,6,6,5,6,4,6,4,3,2,4,3,4,3,4,4,5,,5,5,4,5,2
2,1,Immunology,2 ,3,1,4,6,6,4,6,5,6,4,1,3,4,4,3,3,2,4,4,,4,4,4,4,2
2,1,Immunology,2 ,2,1,5,6,6,5,6,5,6,5,2,3,5,4,3,5,4,5,5,,5,5,5,5,2
2,1,Immunology,3 ,2,2,5,6,6,4,6,4,6,4,2,1,5,3,3,4,1,4,4,,2,3,2,3,2
2,1,Immunology,2 ,2,2,3,6,6,3,6,4,6,4,4,2,4,5,5,5,5,4,5,,3,5,5,5,2
2,, ,  ,,,,,,,,,,,,,,,,,,,,,,,,,
2,, ,  ,,,,,,,,,,,,,,,,,,,,,,,,,
2,1, ,  ,,,,,,,,,,,,,,,,,,,,,,,,,
1,1,data management,6 ,2,1,3,1,6,1,6,2,2,3,5,2,1,1,1,1,4,5,5,,5,5,3,3,1
1,1,Research Methods and Statistics,2 ,1,2,3,5,2,4,2,3,5,5,3,2,4,4,4,4,4,4,4,,3,4,3,3,1
1,1,ecology,6 ,3,1,5,3,,5,6,4,2,6,3,3,1,1,1,1,4,4,4,,3,5,2,3,1
1,1,"science, consumer products"," professional, QA Manager",2,1,4,5,6,5,6,4,5,5,3,2,5,5,5,4,3,5,5,,5,5,5,5,1
1,1, ,6 ,1,2,4,4,6,4,6,6,4,6,1,3,5,5,3,4,4,5,4,,5,5,5,5,1
2,, ,  ,,,,,,,,,,,,,,,,,,,,,,,,,
1,1,Biology,2 ,2,1,5,4,6,5,6,4,6,5,1,3,5,5,4,5,4,5,5,,,,,,
1,1,Biology,2 ,2,1,5,5,6,5,6,4,6,4,2,2,5,4,4,3,5,5,5,,4,5,5,5,2
1,1,ecology,2 ,3,1,5,5,3,5,3,5,3,5,3,3,5,5,5,5,4,5,5,,,,,,
1,1,Biology,1 ,3,1,5,4,1,5,1,5,3,5,2,3,5,4,4,4,4,5,4,,4,5,5,5,1
1,1,mycology,2 ,3,1,5,5,6,5,6,5,6,6,3,4,5,5,3,3,5,5,,,,,,,
1,1,Integrative Biology,1 ,2,1,5,5,6,5,6,5,6,5,2,3,5,5,5,3,4,5,5,,,,,,
1,1,ecology,4 ,3,1,5,5,6,5,6,5,6,5,3,4,5,5,5,5,5,5,5,,5,5,5,5,2
1,1,ecology,1 ,1,2,4,5,6,3,6,3,6,5,1,3,5,4,3,3,3,5,5,,5,5,4,5,1
1,1, ,2 ,1,1,3,5,6,3,6,3,6,3,3,3,5,5,4,5,5,5,5,,5,5,5,5,1
1,1,ecology,2 ,1,2,5,5,6,5,6,4,6,4,1,2,5,4,5,5,3,5,5,,5,5,5,5,1
1,1,Biology,2 ,2,1,5,5,6,5,6,5,6,4,2,3,5,5,5,5,4,5,5,,5,5,5,5,2
2,, ,  ,,,,,,,,,,,,,,,,,,,,,,,,,
2,1,"High Throughput Screening, Biological Sciences, Drug Discovery",6 ,3,2,6,6,6,3,6,3,6,3,1,1,4,4,4,4,2,3,3,,2,4,2,2,1
2,1, ,6 ,3,1,,,,5,,,,5,4,2,5,4,4,5,4,5,4,,5,5,4,5,1
2,1,molecular pathology,3 ,2,1,3,5,6,4,6,4,6,6,3,2,5,5,5,5,4,5,4,,4,5,5,5,2
2,, ,  ,,,,,,,,,,,,,,,,,,,,,,,,,
2,, ,  ,,,,,,,,,,,,,,,,,,,,,,,,,
1,, ,  ,,,,,,,,,,,,,,,,,,,,,,,,,
2,1,ecology,3 ,2,1,3,5,1,5,1,5,1,3,4,4,5,5,5,5,5,5,5,,5,5,5,5,2
2,1,ecology, Postgraduate student,2,2,1,1,1,4,1,4,4,4,2,1,4,4,4,3,3,2,3,,3,4,3,4,2
2,1,ecology,4 ,3,2,4,4,6,4,6,4,6,4,4,1,5,4,4,4,4,4,4,,5,5,4,5,2
1,1,Social science, Federal government staff,3,1,6,6,6,5,6,5,6,5,4,2,5,5,5,2,5,5,5,,5,5,5,5,1
1,1,Molecular Cell Biology, Tech IRTA (postbac) ,2,1,4,6,6,6,6,6,6,5,2,3,5,5,5,5,5,5,5,,5,5,5,5,1
1,1,Neuroscience, Scientific Review Officer,2,1,4,6,6,4,6,5,6,5,1,2,5,5,5,5,4,5,4,,5,5,5,5,1
1,1,Biophysics,3 ,1,1,5,,,5,,5,,,3,3,4,4,4,,3,2,4,,5,5,5,4,1
1,1,semantic codes and text,6 ,2,1,4,3,3,5,3,5,3,4,3,3,5,5,5,5,5,5,5,,5,5,5,5,1
1,1,Immunology,3 ,1,1,5,1,1,5,1,4,3,5,2,3,5,5,5,5,5,4,4,,4,4,4,,1
1,1,genetics,6 ,2,2,4,6,6,4,6,4,6,4,3,3,4,4,4,4,4,4,4,,4,5,5,5,1
1,2,developmental biology,3 ,3,1,5,5,6,4,6,4,6,5,5,4,5,5,5,5,4,5,1,,5,5,5,5,1
1,1,genetics,6 ,1,2,4,4,4,4,6,4,6,5,3,2,4,5,5,5,4,5,3,,4,5,4,5,1
1,1,neurobiology,3 ,2,1,5,6,6,5,6,5,6,5,2,3,4,4,4,4,4,4,4,,5,5,5,5,1
1,1,neuroimaging,1 ,3,1,5,6,6,5,6,5,6,5,1,3,5,5,5,3,5,5,5,,5,5,5,5,1
2,1,"Economics, banking, finance",6 ,2,1,5,5,4,4,4,4,5,4,2,3,5,5,4,4,3,5,5,,4,5,4,5,1
2,1,Molecular Microbiology,3 ,2,2,4,6,6,5,6,5,6,5,4,3,5,5,5,4,5,4,4,,5,5,5,5,2
2,1,ecology, Government researcher/manager,3,1,6,6,6,5,6,5,6,5,3,1,1,3,3,3,3,5,5,,5,5,5,5,1
2,1,ecology,6 ,2,2,6,6,6,4,6,4,6,4,4,2,4,4,2,2,4,4,4,,5,5,5,5,1
1,1,environmental,6 ,3,1,4,6,6,5,6,5,6,5,4,3,5,5,5,5,5,5,5,,5,5,5,5,1
1,1,ecology,6 ,3,1,6,6,6,5,6,5,6,5,5,2,5,4,5,1,5,5,5,,5,5,5,5,1
2,1,ecology, research scientist,3,1,5,1,1,5,1,5,1,5,3,3,4,4,4,5,5,5,5,,5,5,5,5,1
1,1,ecology,6 ,2,2,4,6,6,4,6,4,6,5,4,1,5,5,5,4,4,4,3,,4,5,4,4,1
1,1,ecology,6 ,3,1,3,4,6,5,6,5,3,5,3,2,5,5,5,4,4,5,5,,5,5,5,5,1
1,1,ecology,6 ,2,2,3,4,6,5,6,5,6,5,1,3,5,4,3,4,4,5,5,,5,5,5,5,1
1,1,ecology, lead scientist,3,1,6,6,6,5,6,5,5,5,3,2,5,5,5,5,5,5,5,,5,5,5,5,1
1,1,ecology,3 ,2,1,3,6,6,5,6,5,6,5,4,1,5,5,3,4,3,5,1,,4,5,5,5,1
2,1,Next Generation Sequencing,2 ,3,1,5,5,6,5,6,5,5,6,4,4,5,5,5,5,5,5,5,,5,5,5,5,2
2,1,inflammation and cardiovascular disease,3 ,2,1,3,4,3,4,3,4,4,4,4,2,4,4,3,4,3,5,5,,5,5,5,5,2
2,1,molecular biology," Research Support Officer, M.Sc. student",2,1,5,4,6,5,6,4,5,6,3,2,5,4,4,4,4,5,5,,5,5,5,5,2
2,1,Molecular Pathology Research,2 ,2,1,3,5,3,5,3,5,3,3,4,2,5,4,5,4,5,5,4,,5,1,4,5,2
2,1,Environmental Public Health,2 ,2,1,4,4,6,4,6,4,6,3,3,2,4,4,3,3,2,5,5,,4,5,5,5,2
2,1,molecular biology,6 ,2,1,2,5,6,5,6,5,4,3,3,2,4,4,3,4,2,5,4,,5,5,4,5,2
2,1,Biochemistry,3 ,3,1,5,4,3,4,3,4,4,4,4,3,5,4,4,4,4,4,4,,4,5,5,5,2
2,1,molecular genetics,2 ,1,2,5,5,1,5,1,5,4,5,4,2,5,3,4,4,3,4,5,,5,5,4,4,2
2,1,genetics,3 ,2,1,5,5,2,5,2,5,5,5,1,2,4,3,4,4,3,5,4,,4,3,4,5,2
2,1,genetics,6 ,1,1,5,4,6,5,6,5,3,4,2,2,5,5,5,5,4,5,5,,5,5,5,4,2
2,1,structural biology,2 ,1,2,3,3,3,3,3,3,3,3,5,1,5,5,5,2,4,4,4,,5,5,5,5,2
2,1,Immunology,2 ,3,2,4,4,6,4,6,4,4,3,3,2,1,1,3,4,2,4,5,,3,3,2,3,2
2,1,genetics,2 ,1,1,3,5,6,5,6,5,5,6,3,2,5,4,4,5,3,5,4,,5,4,5,5,2
2,1,human molecular genetics, University lecturer,3,1,3,5,6,5,6,5,5,6,4,4,5,5,5,3,5,5,5,,4,4,5,5,2
2,1,Social science,6 ,1,2,3,4,6,3,6,4,3,6,3,1,5,4,4,2,3,4,4,,5,5,5,5,2
2,1,Cancer genomics,2 ,2,1,5,3,6,5,6,5,4,3,3,3,5,5,5,4,5,5,5,,4,5,5,5,2
2,1,IT,6 ,2,1,4,4,1,4,3,4,4,4,2,2,4,4,4,4,4,4,5,,5,5,5,5,2
2,1,"Genetics, Haematology",6 ,2,1,5,5,6,5,6,5,4,5,3,3,5,4,4,4,4,5,4,,5,4,5,5,2
2,1,Neuroscience,3 ,2,1,4,4,6,4,6,4,3,6,2,2,5,4,4,4,4,4,4,,5,5,5,5,2
2,1,psychiatry,3 ,3,1,4,5,6,4,6,4,4,6,2,3,5,5,4,4,4,4,5,,5,5,5,5,2
2,1,medical research,3 ,2,1,5,4,6,4,6,4,4,3,2,3,5,5,5,5,3,5,5,,5,5,5,5,2
1,1,Cell biology,3 ,2,1,4,5,6,5,6,5,4,4,3,4,5,5,5,5,4,5,5,,5,5,5,5,2
1,1,biochemistry/proteomics/systems biology,6 ,2,1,5,5,6,4,6,4,3,6,2,2,5,5,5,5,4,4,4,,5,5,5,5,2
2,1,Medical/biological science,3 ,1,2,3,5,2,3,2,4,5,3,3,2,4,4,4,4,3,3,4,,5,5,4,4,2
2,1,Rare Disease,6 ,2,1,5,3,6,5,6,5,4,6,3,2,5,5,5,5,4,5,5,,5,5,5,5,2
2,1,Bioinformatics,6 ,3,1,4,5,6,5,6,5,5,6,4,4,5,5,5,2,4,4,4,,5,5,5,5,2
2,1, ,  ,,,,,,,,,,,,,,,,,,,,,,,,,
2,1,Biotechnology,3 ,1,2,5,5,6,4,6,4,4,6,2,2,5,5,4,4,4,4,3,,5,5,4,5,2
2,1,education,2 ,2,2,,,,,,,,,,,,,,,,,,,,,,,
2,1,genetics,6 ,2,1,5,4,6,4,6,4,4,3,4,3,5,5,5,3,4,5,5,,5,5,5,5,2
2,1,stem cell biology,2 ,1,2,4,5,2,4,2,3,3,3,3,2,5,5,5,5,3,3,4,,4,4,5,5,2
2,1,Economics,2 ,1,1,5,5,6,5,6,5,3,3,2,3,4,5,4,5,4,5,5,,4,4,5,5,2
2,1,data management,6 ,2,2,4,4,4,4,4,4,4,4,4,2,5,4,4,4,3,4,4,,5,5,5,5,1
1,1,Cancer Research,6 ,2,1,4,5,,4,3,3,3,3,3,3,4,4,3,3,4,4,4,,5,5,5,5,2
2,1, ,  ,,,,,,,,,,,,,,,,,,,,,,,,,
2,1,data management, librarian,2,1,5,5,6,5,6,5,5,6,2,2,5,4,4,4,4,4,5,,5,5,5,5,1
2,2,Library science,4 ,3,2,4,5,6,4,6,4,4,6,4,2,5,4,4,4,3,4,5,,5,5,5,5,1
2,1,Librarian - social science & humanities, librarian,2,2,3,4,6,4,6,4,3,3,3,2,5,5,5,5,4,4,5,,4,4,4,4,1
1,1, ,2 ,3,1,,,,,,,,,,,,,,,,,,,,,,,
2,1,Biotechnology, Industry - Research Associate,3,1,3,1,4,6,4,6,5,4,4,2,5,3,3,4,2,4,4,,2,5,3,5,1
2,1,Biochemistry,6 ,3,1,5,2,4,6,4,6,5,5,4,1,5,5,5,5,3,5,4,,4,5,4,5,1
2,1,biomedical, librarian,3,1,4,5,6,5,6,5,5,6,2,2,4,4,5,5,5,5,5,,5,5,5,5,1
2,1,Microbiology epidemiology,6 ,2,2,6,6,6,4,6,4,6,3,4,1,5,5,5,5,5,5,5,,5,5,5,5,2
1,1,ecology and microbiology,2 ,2,1,4,6,6,5,6,5,6,5,2,3,5,5,4,5,5,5,4,,5,5,5,5,2
2,1,microbiology-bioinformatics,2 ,2,2,4,6,6,5,6,5,6,4,3,2,4,4,4,3,3,4,4,,4,5,5,5,2
1,1,Microbiology,3 ,2,2,2,6,6,5,6,4,6,2,4,2,5,5,5,5,4,3,4,,4,5,4,4,2
1,1,micro/molecularbiology,2 ,2,2,5,2,2,4,2,4,4,4,3,2,4,4,4,3,3,4,4,,3,5,5,5,2
1,1,Science,6 ,1,2,,,,,,,,,,,,,,,,,,,,,,,
1,1,Epidemiology,2 ,3,2,,,,,,,,,,,,,,,,,,,,,,,
1,1,Biology,2 ,2,2,5,6,6,5,6,5,6,3,3,2,5,5,,3,3,4,4,,5,5,4,5,2
1,1,ecology,2 ,3,2,5,6,6,5,6,5,4,5,3,2,5,5,5,4,4,5,5,,4,5,5,5,2
2,1,librarianship,4 ,3,1,5,5,6,5,6,5,4,4,4,2,5,4,3,3,4,5,5,,5,5,5,5,1
2,, ,  ,,,,,,,,,,,,,,,,,,,,,,,,,
2,2,Library science," Librarian, faculty member",3,2,4,5,6,5,6,4,4,4,3,2,5,4,4,5,4,5,5,,5,5,5,5,1
2,1,Library science,4 ,2,1,5,5,6,4,6,3,5,2,2,2,5,3,4,4,4,5,4,,4,5,5,3,1
2,1,Social science - librarianship and data mangement,4 ,1,2,3,4,6,3,6,4,3,4,3,2,5,4,4,4,4,4,4,,4,5,4,5,1
2,1, ,4 ,2,2,3,5,6,4,6,4,5,4,3,3,4,3,3,2,4,4,4,,4,5,4,5,1
2,1,Library science,6 ,3,1,4,5,6,5,6,5,3,6,3,2,5,5,5,4,4,5,5,,4,5,5,5,1
2,1,"Biology, information services",4 ,2,2,4,4,6,4,6,4,4,6,3,2,5,5,5,5,4,4,4,,4,5,4,5,1
2,1,Library science,4 ,2,1,4,4,6,4,6,4,4,4,3,2,5,4,5,4,4,5,4,,4,5,4,4,1
2,2,Information science (social science),3 ,2,1,4,4,6,5,6,5,5,6,3,3,5,5,4,5,4,5,4,,5,5,5,5,1
2,1,information science, librarian,3,2,5,4,6,5,6,3,4,6,4,3,5,3,4,4,4,4,4,,3,5,4,5,1
2,1,Libraries,6 ,3,1,3,3,6,5,6,5,4,6,4,2,5,5,5,1,4,5,5,,3,5,3,4,1
2,1,Engineering, Industry,2,2,4,2,4,1,4,1,5,4,3,2,4,4,4,4,4,4,4,,3,5,5,5,1
2,1,molecular biology,6 ,2,2,4,4,4,1,4,1,1,1,3,1,4,3,3,4,2,4,3,,2,3,3,4,1
2,1,Biochemistry,4 ,2,2,3,3,4,3,3,3,4,4,3,2,4,4,4,4,3,4,3,,3,4,3,3,1
2,1,molecular biology,1 ,1,3,,,,,,,,,,,,,,,,,,,,,,,
2,1,Molecular and microbiology, Scientist,2,2,4,4,3,6,3,6,5,2,4,2,4,4,3,3,4,5,4,,3,4,3,4,1
2,1,Biochemistry, Industry Sr. research associate,2,2,4,2,5,6,4,6,4,4,2,2,4,4,4,4,3,4,4,,5,5,5,5,1
2,1,Biochemistry, industry researcher,2,2,4,6,5,6,4,6,5,5,2,2,4,4,4,4,4,5,4,,5,5,5,5,1
2,1,Microbiology,6 ,2,2,3,1,1,2,2,1,1,1,3,2,4,4,4,4,2,2,4,,2,5,4,5,1
2,1,molecular biology, Research Associate,1,1,4,6,4,6,4,6,4,4,2,2,5,4,4,4,3,4,5,,5,5,5,5,1
2,1,molecular biology, Scientist in industry,2,2,,,,,,,,,,,,,,,,,,,,,,,
1,1,Microbiology,6 ,3,1,4,5,5,6,5,6,5,6,5,3,5,5,5,5,5,5,5,,5,5,5,5,1
2,1,"biochemistry, protein eng",6 ,3,2,5,3,4,1,4,1,4,4,2,1,5,5,5,5,3,1,1,,4,5,4,5,1
2,1,molecular biology, Industry,3,2,4,6,4,6,4,6,5,4,3,2,5,5,5,5,5,4,5,,4,5,5,5,1
2,1,Veterinary Medicine,4 ,3,1,5,4,4,4,3,4,2,4,3,2,5,5,3,5,4,5,5,,5,5,5,5,1
2,1,Microbiology, courtesy faculty,2,1,5,5,5,5,5,5,5,5,1,2,5,5,5,5,4,5,5,,4,5,5,5,1
2,1,Public Policy ,2 ,1,1,5,5,2,5,3,3,4,3,3,3,4,4,4,4,4,4,4,,5,5,5,5,1
2,1,Social science,2 ,3,1,3,4,2,4,4,4,6,4,2,2,5,5,5,3,5,5,5,,5,5,5,5,1
2,1,chemical engineering,2 ,2,1,5,5,5,5,5,5,5,5,3,2,4,4,4,4,4,5,5,,5,5,5,5,1
2,1,Microbiology,3 ,2,1,5,5,2,5,2,5,2,2,2,2,5,4,4,3,4,4,4,,4,4,4,5,1
2,1,genetics,6 ,2,1,6,6,6,6,6,6,6,4,3,2,5,3,3,3,3,5,4,,4,5,4,5,1
2,1,software engineering,6 ,1,2,4,5,3,4,3,4,3,3,3,2,4,4,4,4,4,4,4,,5,5,5,5,1
2,1,plant genetics, Government scientist,2,1,5,4,6,4,6,4,4,6,4,2,5,4,4,4,4,5,4,,3,4,3,5,1
2,1,microbiology/proteomics, Microbiologist,2,1,4,4,6,4,6,4,4,4,3,3,4,4,4,4,4,4,4,,4,5,4,5,1
2,1,bone biology,3 ,2,2,6,6,6,4,6,4,6,4,4,1,5,5,5,5,3,2,2,,2,5,2,2,1
2,1,ramndom,  ,,,,,,,,,,,,,,,,,5,,,,,,,,1
2,1,Biology, career research assistant,2,1,6,6,4,6,6,6,6,4,4,2,4,4,4,4,4,5,4,,5,5,,5,1
1,1,Biological sciences molecular biology,6 ,2,1,1,1,1,1,1,1,1,4,2,2,4,3,3,3,3,4,3,,3,3,4,4,1
1,1,computational biology,6 ,3,1,6,6,6,6,6,6,6,5,3,3,5,4,4,4,4,5,4,,5,5,5,5,1
1,2,RNA Biology,2 ,3,1,5,5,6,6,6,6,6,5,3,2,1,1,1,1,4,5,1,,5,5,5,5,1
1,1,genetics,6 ,3,1,,,,,,,,,,,,,,,,,,,,,,,
2,1,genetics,6 ,2,1,,,,,,,,,,,,,,,,,,,,,,,
1,1,genetics,3 ,3,1,1,1,1,1,1,1,1,6,1,2,5,5,4,4,3,5,5,,4,5,4,5,1
1,1,Neuroscience,2 ,3,1,6,6,6,6,6,6,6,5,1,3,5,4,3,3,4,5,5,,5,5,5,5,1
2,1, ,6 ,2,1,3,5,6,4,6,4,4,6,4,2,5,4,3,4,3,4,3,,4,5,4,5,1
2,1,Biology,2 ,2,2,4,4,4,4,4,4,4,4,1,2,4,4,4,4,3,4,4,,3,4,3,3,1
2,1,Bioinformatics,2 ,3,1,6,6,6,5,6,5,6,5,3,3,5,5,5,5,5,5,5,,5,5,5,5,1
1,1,genomics, Research Assistant,3,2,4,2,2,2,2,2,2,6,2,2,5,5,5,5,5,5,5,,5,5,5,5,1
1,1,Computer Science,6 ,2,2,3,3,6,6,6,6,6,3,1,2,5,5,5,5,3,4,5,,5,5,5,5,1
1,1,Information Technology,6 ,1,1,,,,,,,,,,,,,,,,,,,,,,,
1,2,genetics,6 ,1,1,5,6,6,6,6,6,6,5,1,3,5,5,5,5,4,5,5,,4,5,5,5,1
2,1,Microbiology,6 ,2,2,4,1,1,4,1,4,1,3,3,2,5,4,4,4,2,4,3,,3,2,3,3,1
2,1, ,6 ,1,3,3,6,6,3,6,3,6,3,4,1,4,4,3,3,3,2,3,,3,5,4,4,1
2,1,genetics,2 ,2,2,4,3,3,4,3,4,3,5,3,2,4,4,4,4,2,4,4,,3,3,4,3,1
2,1,Bioinformatics,2 ,3,2,5,5,2,5,2,5,2,5,3,3,5,5,5,5,4,5,5,,4,5,5,5,1
2,1,Cancer Research,3 ,2,1,1,6,6,1,6,1,6,1,3,3,5,5,5,3,4,5,1,,4,5,4,5,1
2,1,Neuroscience,2 ,3,1,,,,,,,,,,,,,,,,,,,,,,,
2,1, ,6 ,2,2,4,4,4,4,3,4,4,4,4,2,4,4,3,4,3,4,4,,4,4,4,5,1
2,1, ,1 ,2,2,4,5,4,4,4,4,4,4,4,2,5,5,5,5,4,3,4,,3,3,3,5,1
2,1,Economics,6 ,2,2,4,5,6,6,6,6,6,6,4,2,5,5,5,5,4,4,5,,5,5,3,4,1
2,1,Consumer Finance,2 ,1,2,3,4,2,4,2,4,4,2,4,2,5,5,5,4,4,4,4,,5,5,3,4,1
2,1,Biochemistry,3 ,3,1,3,6,6,4,6,4,6,5,2,4,5,5,4,2,4,5,5,,4,5,5,5,1
2,, ,  ,,,,,,,,,,,,,,,,,,,,,,,,,
2,1,statistics, emplouee,2,2,4,4,2,4,2,4,4,3,3,2,4,4,4,4,3,3,3,,3,3,2,2,1
1,1,pharmacology,3 ,3,1,6,3,6,5,6,5,6,5,2,2,5,5,5,5,5,5,5,,4,5,5,5,1
2,1,Social science,6 ,1,2,4,3,3,4,3,3,3,5,3,2,5,4,5,4,3,4,4,,3,3,2,4,1
1,1,"neurology, genetics",4 ,2,1,6,6,6,4,6,4,6,4,2,2,4,4,4,4,4,4,4,,4,5,4,5,1
1,1,IT support for bioinformatics,6 ,1,2,3,4,4,4,,5,,3,4,2,5,5,5,4,4,4,4,,4,4,4,4,1
1,1,Neuroscience,2 ,2,1,4,1,1,4,1,4,1,5,2,3,5,5,5,5,4,5,4,,5,5,5,5,1
1,1,Biochemistry,4 ,2,1,4,,,4,,4,,4,1,2,5,5,5,,2,5,5,,5,5,5,5,1
1,1, ,  ,,,,,,,,,,,,,,,,,,,,,,,,,
1,1,developmental/regenerative biology,2 ,3,2,4,2,2,5,1,5,1,4,1,2,4,4,4,1,3,4,4,,5,5,3,4,1
1,1,Neuroscience,1 ,1,1,5,6,6,5,5,5,5,5,2,3,5,5,5,5,4,4,5,,5,5,5,5,1
2,1,Economics,6 ,1,2,,,,,,,,,,,,,,,,,,,,,,,
2,1,CS,6 ,3,2,4,4,1,4,1,4,4,1,3,2,5,5,5,3,3,4,4,,3,3,3,5,1
1,1,biomedical sciences (hematology),3 ,2,1,5,6,6,5,6,5,6,5,1,2,5,5,5,3,5,5,4,,5,5,5,5,1
2,1, ,2 ,3,1,5,5,6,5,6,,5,,4,2,5,5,5,4,5,5,5,,5,5,5,5,1
2,1, ,6 ,2,2,,,,,,,,,,,,,,,,,,,,,,,1
2,2,genetics,6 ,3,2,3,6,6,5,6,4,6,3,3,1,4,4,4,5,4,4,4,,5,5,4,5,2
2,1,Molecular and microbiology,3 ,2,1,3,3,4,5,3,5,4,4,4,2,5,5,4,3,4,5,5,,5,4,4,5,2
2,1,Bioinformatics,2 ,2,1,5,4,3,5,3,5,3,5,3,3,4,4,3,3,4,5,5,,5,5,4,5,1
2,1,Biochemistry,2 ,2,2,4,4,3,4,3,4,3,4,,2,4,5,4,4,4,4,4,,4,5,5,5,2
2,1,Microbiology,3 ,2,1,3,4,4,4,4,4,2,4,3,3,4,4,4,4,3,4,4,,5,5,5,5,2
2,2,physiology,3 ,3,1,4,6,6,5,6,5,6,5,3,3,4,4,4,3,5,4,4,,4,5,4,5,2
2,2,"Microbiology, ecology and evolution",6 ,2,2,3,6,6,5,6,4,6,2,4,2,5,5,5,5,5,3,5,,5,5,5,5,2
2,1,Cell biology,3 ,2,2,6,6,6,3,6,3,6,4,2,1,4,4,4,4,2,3,4,,4,5,4,5,2
2,2,Microbiology,3 ,3,1,1,1,1,1,1,1,1,5,3,2,4,5,5,1,1,4,3,,2,4,3,5,2
2,1,genetics,2 ,1,2,4,4,5,5,4,5,4,5,1,2,5,5,5,4,4,4,4,,4,4,4,4,2
2,, ,  ,,,,,,,,,,,,,,,,,,,,,,,,,
2,, ,  ,,,,,,,,,,,,,,,,,,,,,,,,,
1,1,chemistry and biochemistry,3 ,2,1,5,5,6,5,6,5,5,,3,3,5,5,5,5,4,4,5,,5,2,4,5,1
1,1,ecology,6 ,2,1,2,5,6,5,6,5,5,,4,2,5,4,5,5,4,5,4,,4,5,4,5,1
1,1,animal behaviour,6 ,2,2,4,5,1,5,1,5,4,,4,3,5,5,5,4,5,4,4,,5,5,4,5,1
1,2,Astrophysics,4 ,1,2,3,3,6,3,6,3,3,,4,2,5,4,5,2,4,4,4,,4,5,4,4,1
1,1,Biology,2 ,3,1,4,5,6,5,6,4,4,,3,3,5,5,5,5,5,5,5,,4,5,4,4,1
1,1,"Biology-genomics, pop bio",2 ,2,1,4,5,6,4,6,5,5,,4,3,5,5,5,5,4,5,5,,4,5,4,5,1
1,1,Computer Science,2 ,2,2,5,5,6,5,6,5,5,,3,3,5,5,5,5,5,4,5,,5,5,5,5,1
1,1,Cancer genomics,4 ,3,1,5,5,,4,,5,5,,2,4,4,4,4,4,5,5,5,,5,5,5,5,1
1,1,Astronomy,3 ,2,1,4,5,6,5,6,5,4,,2,2,4,5,5,4,5,4,1,,5,5,5,5,1
1,1,mathematics, I work in industry.,3,1,3,4,6,5,6,5,5,,3,3,5,5,5,5,5,5,5,,5,5,5,5,1
1,1,Microbiology,6 ,3,1,,,,,,,,,,,,,,,,,,,,,,,
1,1,Chemistry Education Research,3 ,3,1,5,5,6,4,6,4,4,,3,3,5,5,5,5,3,5,5,,4,5,5,5,1
